LA_name,LA_code,Total_population,Total_Death,Age0to7,Age8to14,Age15to17,Age18to24,Age25to44,Age45to64,Age65to84,Age85andover,White,Mixed,Asian,Black,OtherEthinicGroup,Verygoodhealth,Goodhealth,Fairhealth,Badhealth,Verybadhealth,Males,Females
Adur,E07000223,61182,1.42,88.85,71.66,37.33,69.27,244.73,268.59,186.31,33.26,1917.66,28.96,34.59,10.23,8.56,426.71,365.68,150.06,45.06,12.49,482.38,517.62
Allerdale,E07000026,96422,2.69,79.93,76.64,38.07,69.79,231.98,295.82,181.27,26.5,1978.49,8.84,9.89,1.51,1.27,444.78,345.33,147.37,49.39,13.13,491.29,508.71
Amber Valley,E07000032,122309,2.5,83.19,80.27,37.91,72.77,251.23,288.38,161.3,24.95,1962.62,16.02,15.19,4.14,2.03,440.08,349.89,149.92,47.5,12.61,492.13,507.87
Arun,E07000224,149518,2.14,77.36,68.25,31.59,71.24,218.97,269.57,219.57,43.46,1941.14,20.09,28.3,7.2,3.26,419.84,367.68,155.83,44.2,12.45,476.89,523.11
Ashfield,E07000170,119497,3.16,96.14,81.74,37.79,82.79,263.25,268.93,149.1,20.26,1953.74,17.72,18.39,7.9,2.24,420.54,344.78,163.05,56.6,15.03,490.93,509.07
Ashford,E07000105,117956,2.94,102.85,91.86,40.2,77.35,254.84,263.62,146.11,23.17,1873.92,28.52,67.67,23.31,6.58,475.84,350.85,127.39,35.29,10.62,485.2,514.8
Buckinghamshire,E06000060,505283,2.07,100.2,88.45,40.02,73.07,259.27,272.45,144.35,22.19,1728.42,48.92,171.27,41.52,9.87,520.3,338.2,106.85,26.93,7.72,491.5,508.5
Babergh,E07000200,87740,2.33,84.73,83.9,39.28,64.2,223.83,290.3,184.7,29.06,1956.8,18.85,15.18,6.02,3.15,465.87,358.25,132.48,34.45,8.95,490.13,509.87
Barking and Dagenham,E09000002,185911,2.76,148.81,97.35,41.85,96.06,314.31,197.7,87.45,16.48,1166,84.75,318.37,399.55,31.34,472.37,337.37,129.32,46.72,14.22,485.38,514.62
Barnet,E09000003,356386,2.43,112.36,83.73,37.01,87.84,323.49,222.48,111.56,21.54,1282.61,96.35,369.92,153.94,97.17,514.76,329.72,109.91,34.22,11.38,484.52,515.48
Barnsley,E08000016,231221,3.1,94.09,78.46,38.03,82.73,260.23,273.42,152.8,20.24,1957.3,14.1,14.37,10.56,3.67,416.03,335.82,164.15,66.08,17.92,491.45,508.55
Barrow-in-Furness,E07000027,69087,2.39,85.73,79.02,40.25,82.48,246.76,278.24,164.72,22.8,1966.8,10.42,18.32,2.03,2.43,427.55,330.96,157.74,65.74,18.01,494.81,505.19
Basildon,E07000066,174497,3.18,102.82,86.07,39.9,81.17,272.99,257.23,139.56,20.26,1853.06,33.09,54.63,53.7,5.52,462.5,349.52,132.64,42.15,13.19,485.08,514.92
Basingstoke and Deane,E07000084,167799,1.71,103.93,84.81,37.35,73.02,289.32,267.64,126.66,17.27,1858.03,33.53,80.04,22.75,5.65,506.76,351.12,107.55,27.17,7.4,495.33,504.67
Bassetlaw,E07000171,112863,1.9,85.54,80.57,39.75,76.5,244.23,287.88,162.91,22.64,1947.35,17.65,22.24,9.21,3.54,428.18,346.77,157.66,52.38,15,496.39,503.61
Bath and North East Somerset,E06000022,176016,1.51,81.98,74.29,35.2,131.13,241.69,254.95,152.88,27.88,1891.57,32.93,52.01,15.07,8.43,504.97,334.34,118.49,33.13,9.08,489,511
Bedford,E06000055,157479,3.04,100.59,86.29,40.93,86.65,272.87,254.76,136.15,21.76,1610.96,68.4,227.74,78.77,14.14,469.01,359.81,125.81,35.53,9.83,490.94,509.06
Bexley,E09000004,231997,2.5,102.23,88.35,42.78,89.38,263.74,253.12,138.38,22.02,1637.62,46.51,131.41,169.17,15.28,479.85,346.75,125.07,37.45,10.88,481.37,518.63
Birmingham,E08000025,1073045,2.53,119.15,95.12,41.21,121.13,287.27,207.32,111.03,17.77,1158.64,88.73,532.39,179.6,40.64,455.31,339.13,138.65,50.42,16.48,491.88,508.12
Blaby,E07000129,93915,2.21,92.73,81.47,39.22,76.44,255.1,275.36,157.12,22.56,1819.75,32.05,121.77,19.17,7.26,475.06,358.1,125.26,32.81,8.77,492.23,507.77
Blackburn with Darwen,E06000008,147489,2.82,119.76,97.73,44.53,90.64,283.5,234.6,113.34,15.9,1383.28,24.72,562.67,12.65,16.68,454.21,332.3,140.52,57.14,15.83,498.66,501.34
Blackpool,E06000009,142065,2.69,90.59,76.27,36.23,84.68,249.42,271.07,165.42,26.31,1933.47,24.68,32.13,4.87,4.86,398.41,338.03,168.77,72.83,21.96,491.15,508.85
Bolsover,E07000033,75866,2.93,89.2,77.64,39.19,79.51,260.04,272.74,158.73,22.96,1962.72,13.66,16.13,7.04,0.45,407.75,335.1,170.89,67.91,18.35,492.82,507.18
Bolton,E08000001,276786,2.46,105.31,87.75,40.19,89.85,270.99,252.22,134.44,19.25,1637.69,35.35,279.99,33.61,13.35,453.59,338.76,141.41,52.26,13.98,493.74,506.26
Boston,E07000136,64637,2.43,90.06,73.8,35.03,82.97,254.67,266.35,171.99,25.14,1936.72,20.55,28.71,8.6,5.41,406.86,374.79,158.61,47.31,12.44,487.89,512.11
Bracknell Forest,E06000036,113205,1.39,108.17,84.88,42.45,77.51,303.45,258.58,108.32,16.65,1811.83,40.69,100.07,38.67,8.75,524.01,342.86,100.65,25.26,7.23,495.62,504.38
Bradford,E08000032,522452,2.22,122.63,97.32,41.46,94.53,281.84,229.39,114.44,18.38,1348.71,49.68,536.5,35.48,29.63,448.14,356.07,137.01,45.49,13.28,492.16,507.84
Braintree,E07000067,147084,2.73,100.7,83.81,37.31,75.73,264.2,272.27,142.13,23.85,1932.05,24.98,27.17,12.41,3.39,475.13,356.88,124.36,34.31,9.32,490.45,509.55
Breckland,E07000143,130491,2.26,86.82,76.07,37.42,77.03,235.17,271.86,186.04,29.6,1948.27,23.94,15.94,9.13,2.71,422.23,372.92,149.93,43.09,11.82,494.79,505.21
Brent,E09000005,311215,2.54,109.14,80.55,36.4,101.08,356.62,211.2,93.44,11.55,725.41,101.38,681.11,376.79,115.3,481,347.57,118.02,39.65,13.76,502.76,497.24
Brentwood,E07000068,73601,3.04,86.66,84.1,40.57,70.07,250.46,277.27,161.13,29.76,1871.39,32.5,63.86,24.35,7.91,510.16,333.38,116.37,31.33,8.76,483.44,516.56
Brighton and Hove,E06000043,273369,1.48,84.87,67.74,30.1,138.78,324.29,223.65,108.67,21.89,1781.56,76.15,82.51,30.64,29.14,492.64,336.43,118.15,40.79,11.99,497.89,502.11
Bristol,E06000023,428234,1.32,102.76,70.45,31.13,135.63,317.38,212.19,109.66,20.81,1679.42,72.1,110.48,120.19,17.82,488.11,334.59,122.47,42.16,12.67,497.56,502.44
Broadland,E07000144,124646,2.48,78.75,77.41,36.81,64.03,228.67,291.17,192.42,30.74,1954.25,17.07,20.3,5.31,3.06,443.01,369.9,140.2,36.09,10.81,487.73,512.27
Bromley,E09000006,309392,2.18,101.02,82.46,37.91,72.08,278.03,260.31,142.93,25.26,1686.34,70.44,103.86,120.79,18.57,500.98,341.23,116.67,32.01,9.11,480.26,519.74
Bromsgrove,E07000234,93637,2.64,83.62,79.47,40.03,71.35,233.81,287.38,174.82,29.53,1915.82,29.82,41.12,9.48,3.76,490.53,334.33,126.93,37.21,11,494.46,505.54
Broxbourne,E07000095,93609,2.3,102.38,85.93,38.35,83.97,272.2,253.77,144.01,19.39,1806.02,45.74,46.79,84.54,16.9,477.1,353.3,123.32,35.86,10.42,484.54,515.46
Broxtowe,E07000172,109487,2.38,85.59,72.53,36.05,84.3,262.1,275.86,159.26,24.3,1854.8,33.37,82.26,17.04,12.53,455.13,349.59,142.61,41.29,11.37,494.29,505.71
Burnley,E07000117,87059,3.33,104.04,80.36,38.03,89.63,261.09,264.5,140.15,22.2,1747.18,22.42,220.03,4.85,5.51,429.27,336.39,157.16,59.88,17.3,491.55,508.45
Bury,E08000002,185060,2.8,103.26,84.26,39.17,80.97,268.02,264.69,140.04,19.59,1783.55,36.37,144.89,20.46,14.73,470.81,333.05,137.41,46.14,12.59,489.51,510.49
Calderdale,E08000033,203826,1.56,99.64,84.1,38.72,79.27,265.06,273.89,138.25,21.07,1793.56,27.44,165.58,8.82,4.59,463.38,343.46,137.82,43.81,11.53,488.78,511.22
Cambridge,E07000008,123867,0.98,79.84,55.65,28.45,200.13,329.77,188.28,96.11,21.77,1650.24,63.68,219.88,33.86,32.34,546.9,319.7,97.05,28.52,7.83,508.48,491.52
Camden,E09000007,220338,1.4,90.54,62.23,24.26,131.8,388.02,194.33,94.55,14.26,1325.74,111.85,321.74,163.93,76.75,534.14,305.59,104.22,41.64,14.41,489.63,510.37
Cannock Chase,E07000192,97462,2.72,94.29,81.54,39.72,84.81,271.88,267.11,142.31,18.34,1954.73,17.79,20.15,5.75,1.58,437.44,350.22,144.58,52.54,15.22,493.79,506.21
Canterbury,E07000106,151145,2.98,79.7,75.2,35.84,159.54,220.32,241.2,158,30.2,1860.73,33.76,67.95,25.63,11.94,468.19,346.28,133.72,40.58,11.24,480.58,519.42
Carlisle,E07000028,107524,2.97,88.47,72.24,34.34,87.74,253.51,278.65,160.09,24.96,1961.98,9.95,23.21,2.73,2.12,451.93,348.7,139.78,46.17,13.42,488.06,511.94
Castle Point,E07000069,88011,4.15,77.44,78.85,38.97,77.12,225.24,286.48,189.6,26.29,1937.78,20.7,23,15.02,3.5,434.95,361.16,147.29,44.01,12.6,487.52,512.48
Central Bedfordshire,E06000056,254381,2.28,98.95,83.67,38.89,74.84,267.63,279.2,138.28,18.52,1876.89,37.65,50.33,28.41,6.71,491.46,355.22,114.8,30.16,8.37,495.49,504.51
Charnwood,E07000130,166100,1.94,85.33,73.15,36.77,137.86,248.19,254.57,142.12,22.01,1747.31,31.03,194.32,15.98,11.37,481.07,353.02,124.14,32.9,8.86,499.18,500.82
Chelmsford,E07000070,168310,2.46,93.74,80.17,38.32,81.27,272.15,267.87,144.06,22.41,1877.29,31.44,58.96,24.37,7.94,501.91,347.16,114.44,28.39,8.11,492.63,507.37
Cheltenham,E07000078,115732,1.87,86.14,72.64,36.48,108.17,288.23,241.32,138.28,28.74,1885.11,32.45,63.51,12.46,6.46,499.07,343.22,117.78,31.43,8.5,488.3,511.7
Cherwell,E07000177,141868,1.63,105.65,82.57,37.25,75.52,285.84,260.22,133.08,19.87,1843.42,36.09,85.14,27.65,7.71,503.31,346.54,111.68,30.03,8.44,494.3,505.7
Cheshire East,E06000049,370127,2.46,87.13,78.54,36.96,72.98,246.04,285.5,166.66,26.17,1934.15,20.93,32.75,7.58,4.6,490.63,332.49,127.81,38.49,10.57,490.13,509.87
Cheshire West and Chester,E06000050,329608,2.62,87.35,77.18,35.83,84.36,251.37,278.54,161.31,24.06,1947.92,18.51,24.86,5.51,3.2,484.75,330.6,129.26,43.26,12.14,487.2,512.8
Chesterfield,E07000034,103788,1.99,85.85,76.89,39.02,79.11,256.46,276.8,159.1,26.77,1930.32,21.08,30.68,15.07,2.85,416.95,343.22,163.64,59.78,16.42,490.42,509.58
Chichester,E07000225,113794,2.53,79.33,73.35,31.87,79.88,210.67,279.77,207.41,37.72,1938.98,19.19,28.42,9.1,4.31,476.39,349.5,130.94,33.59,9.59,478.07,521.93
Chorley,E07000118,107155,2.11,92.55,77.69,36.76,77.68,266.42,281.27,147.46,20.17,1938,18.96,31.92,7.48,3.64,478.77,333.21,132.72,43.14,12.15,501.22,498.78
City of London,E09000001,7375,1.49,47.86,31.73,14.24,86.37,406.92,272.54,124.47,15.86,1572.61,78.37,254.92,52.34,41.76,557.56,321.9,87.19,25.76,7.59,554.71,445.29
Colchester,E07000071,173074,2.03,95.27,76.08,35.39,112.51,274.84,248.14,136.3,21.48,1840.9,36.42,73.44,29.76,19.48,488.35,348.28,120.9,32.89,9.58,493.1,506.9
Copeland,E07000029,70603,2.41,83.24,74.43,36.97,76.74,241.99,297.49,167.94,21.2,1968.5,9.6,17.82,2.38,1.7,443.73,339.05,148.95,53.26,15.01,502.47,497.53
Cornwall,E06000052,532273,0.95,80.94,75.77,35.89,77.13,225.39,288.37,186.96,29.55,1964.59,16.53,12.9,2.86,3.11,452.32,335.93,148.76,48.67,14.32,484.35,515.65
Cotswold,E07000079,82881,1.6,77.07,77.38,35.51,68.71,217.72,300.53,189.51,33.57,1956.42,16.84,19.16,5.53,2.05,487.84,350.71,123.31,30.14,8,483.87,516.13
County Durham,E06000047,513242,2.63,86.49,73.47,35.05,98.26,247.01,279.78,158.83,21.1,1963.09,12.06,18.92,2.73,3.2,423.53,334.28,160.56,63.46,18.18,489.59,510.41
Coventry,E08000026,316960,1.87,106.75,78.48,36.96,136.09,278.97,216.83,124.8,21.11,1476.71,51.93,325.58,112.09,33.69,460.46,346.46,132.53,46.58,13.96,497.29,502.71
Craven,E07000163,55409,2.24,73.53,80.55,37.99,63.67,210.72,305.96,193.49,34.09,1947.84,13.54,35.01,2.2,1.41,476.15,345.61,133.32,35.64,9.28,482.85,517.15
Crawley,E07000226,106597,1.88,113.93,81.2,36.58,85.71,322.86,233.37,107.14,19.2,1598.17,58.13,259.39,65.09,19.23,476.1,359.1,120.6,34.51,9.68,494.37,505.63
Croydon,E09000008,363378,2.51,116.57,87.62,40.86,88.92,303.08,240.84,105.88,16.24,1101.86,131.52,328.18,403.19,35.25,480.45,354,119.64,35.04,10.88,484.96,515.04
Dacorum,E07000096,144847,2.15,102.57,83.75,39.2,75.64,273.47,267.39,134.68,23.3,1816.22,42.46,93.48,41.28,6.56,503.36,340.54,115.83,31.59,8.68,492.29,507.71
Darlington,E06000005,105564,2.31,98.22,80.6,38.37,79.84,260.73,267.56,150.52,24.16,1924.8,21.71,41.78,6.76,4.94,445.66,352.38,143.19,45.12,13.64,487.69,512.31
Dartford,E07000107,97365,2.93,107.8,83.91,39.21,86.13,297.05,242.6,124.02,19.28,1747.45,44.39,119.12,73.5,15.55,485.52,348.6,121.57,34.04,10.27,493.62,506.38
Derby,E06000015,248752,2.84,108.83,82.46,37.56,110.37,279.43,229.92,130.35,21.09,1606.03,58.15,250.01,58.85,26.97,449.59,349.99,141.48,45.88,13.06,494.65,505.35
Derbyshire Dales,E07000035,71116,2.35,73.77,79.91,36.86,62.14,207.35,317.43,191.8,30.75,1971.91,13.11,11.19,2.45,1.35,470.88,347.08,136.65,34.8,10.59,493.15,506.85
Doncaster,E08000017,302402,2.64,98.47,79.1,38.69,88.14,259.58,266.9,148.04,21.07,1905.19,21.96,50.36,15.46,7.04,435.64,340.55,151.28,56.16,16.37,493.48,506.52
Dover,E07000108,111674,3.04,87.99,80.31,39.9,75.16,231.26,283.75,173.04,28.59,1933.59,18.43,36.37,6.91,4.69,433.7,353.5,149.95,49.59,13.26,490.4,509.6
Dudley,E08000027,312925,2.31,95.35,81.5,39.59,81.85,257.62,258.1,163.93,22.04,1799.84,36.8,121.06,29.85,12.44,424.46,357.61,152.84,50.87,14.22,491.55,508.45
Ealing,E09000009,338449,2.19,112.34,79.28,34.72,92.99,358.83,214.8,93.28,13.76,979.87,89.03,593.53,217.82,119.76,491.61,344.84,113.52,37.87,12.16,499.85,500.15
East Cambridgeshire,E07000009,83818,1.16,102.65,80.29,35.88,67.49,276.38,266.61,148.02,22.67,1924.96,28.2,28.99,12.07,5.77,487.65,351.8,120.87,31.19,8.49,494.44,505.56
East Devon,E07000040,132457,1.37,71.62,71.33,35.05,61.87,194.43,283.76,234.06,47.89,1968.14,13.65,14.04,2.2,1.96,437.91,360.24,150.69,39.9,11.26,478.05,521.95
East Hampshire,E07000085,115608,1.7,87.22,86.01,41.65,68.32,228.06,295.83,165.38,27.54,1931.27,22.58,32.16,8.94,5.05,504.55,346.97,111.45,28.86,8.17,486.45,513.55
East Hertfordshire,E07000242,137687,1.67,96.61,89.7,42.73,66.57,274.38,275.65,134.04,20.32,1909.49,32.16,38.94,14.29,5.11,525.34,336.99,104.04,26.71,6.92,491.62,508.38
East Lindsey,E07000137,136401,2.34,72.13,69.87,35.07,67.37,195.37,300.37,230.09,29.72,1969.4,13.74,11.57,3.87,1.42,382.24,352.93,182.66,63.57,18.6,487,513
East Riding of Yorkshire,E07000193,113583,6.59,96.22,82.08,40.25,82.18,264.57,266.26,148.01,20.43,1808.44,28.51,138.47,18.01,6.57,458.64,357.24,134.72,38.54,10.86,496.42,503.58
East Staffordshire,E07000193,113583,3.43,96.22,82.08,40.25,82.18,264.57,266.26,148.01,20.43,1808.44,28.51,138.47,18.01,6.57,458.64,357.24,134.72,38.54,10.86,496.42,503.58
Eastbourne,E07000061,99412,3.18,83.54,73.12,36.55,87.62,244.01,250.8,182.12,42.23,1881.22,36.03,56.23,15.75,10.76,430.71,354.01,153.41,47.4,14.47,478.4,521.6
Eastleigh,E07000086,125199,1.41,96.28,80.39,38.36,79.82,264.69,274.08,144.1,22.28,1893.58,27.8,59.74,9.66,9.22,491.71,352.96,116.12,30.49,8.73,490.29,509.71
Eden,E07000030,52564,2.51,75.93,74.92,34.72,68.34,219.52,307.24,191.98,27.36,1978.5,8.03,11.11,0.84,1.52,460.58,357.85,136.88,35.67,9.02,495.26,504.74
Elmbridge,E07000207,130875,2.03,112.17,88.88,36.8,56.91,272.34,268.49,136.44,27.98,1805.13,52.13,108.12,15.43,19.19,564.51,309.88,94.44,24.55,6.62,484.91,515.09
Enfield,E09000010,312466,2.38,120.21,90.21,40.96,94.21,304.49,225.64,107.37,16.9,1220.23,109.98,223.34,343.63,102.81,468.37,350.1,127.05,41.09,13.38,482.15,517.85
Epping Forest,E07000072,124659,3.07,92.72,79.2,37,75.68,258.03,276.47,154.08,26.82,1810.84,42.5,95.01,38.57,13.08,492.65,337.54,123.82,35.63,10.37,484.84,515.16
Epsom and Ewell,E07000208,75102,2.92,97.43,86.06,39.13,78.92,264.49,266.53,141.69,25.75,1717.72,51.18,172.67,30.04,28.39,522.06,337.61,106.36,26.84,7.12,484.83,515.17
Erewash,E07000036,112081,2.58,90.68,75.71,39.51,83.1,261.27,271.32,154.9,23.51,1940.83,22.64,24.68,9.56,2.28,440.3,353.9,149.55,43.49,12.76,490.13,509.87
Exeter,E07000041,117773,0.97,86.61,62.93,29.2,170.77,271.96,223.42,128.92,26.2,1861.04,32.91,78.03,11.33,16.69,499.05,333.7,119.51,36.77,10.96,485.77,514.23
Fareham,E07000087,111581,2.37,81.41,80.55,37.91,73.61,237.04,285.35,176.54,27.58,1935.08,24.36,29.88,6.4,4.28,485.48,352.07,122.23,31.27,8.96,489.64,510.36
Fenland,E07000010,95262,2.17,85.13,78.49,37.62,77.44,246.13,272.39,176.28,26.52,1944.76,18.92,22.57,10.43,3.32,394.46,378.35,165.44,48.18,13.57,491.39,508.61
Forest of Dean,E07000080,81961,1.37,79.73,78.31,42.34,76.23,218.86,297.29,180.01,27.23,1969.2,12.88,11.54,4.86,1.51,442.66,357.98,144.93,43.13,11.3,491.36,508.64
Fylde,E07000119,75757,3.35,76.15,71.65,33.61,65.13,218.71,292.62,206.53,35.6,1949.5,19.59,22.31,4.3,4.3,446.36,337.8,153.37,48.73,13.73,485.51,514.49
Gateshead,E08000037,200214,2.23,90.86,74.26,36.05,85.19,272.33,265.27,154.93,21.1,1925.36,15.56,37.34,10.8,10.94,426.14,338.67,155.62,60.7,18.86,489.35,510.65
Gedling,E07000173,113543,2.55,89.1,78.38,37.28,75.51,253.78,280.85,161.08,24.02,1861.07,46.13,58.89,29.12,4.79,450.53,351.71,145.08,41.02,11.67,487.46,512.54
Gloucester,E07000081,121688,2.01,103.24,82.7,38.87,95.12,282.14,249.48,127.93,20.52,1782.62,58.59,95.97,57.29,5.52,465.58,354.6,130.93,37.93,10.96,493.92,506.08
Gosport,E07000088,82622,1.89,101.12,81.47,38.67,83.44,263.02,261.55,146.63,24.1,1928.91,25.8,25.97,14.33,4.99,453.23,362.07,135.85,38.91,9.94,493.04,506.96
Gravesham,E07000109,101720,2.9,103.63,87.59,41.75,88.26,268.3,250.32,140.01,20.13,1656.04,40.62,208.49,56.72,38.12,464.98,349.71,133.99,40.35,10.98,492.91,507.09
Great Yarmouth,E07000145,97277,2.13,87.43,77.48,40.73,84.51,230.31,270.13,181.64,27.78,1937.05,23.83,24.75,9.03,5.35,403.01,360.13,165.82,54.79,16.25,490.99,509.01
Greenwich,E09000011,254557,1.89,123.3,81.97,35.82,105.79,344.51,206.01,87.87,14.73,1249.24,96.43,234.87,382.27,37.18,501.42,329.49,115.44,40.93,12.71,495.86,504.14
Guildford,E07000209,137183,1.6,93.11,75.29,32.83,114.7,277.18,250.94,132.57,23.37,1818.11,36.46,96.46,24.14,24.83,539.2,331.27,97.99,24.8,6.74,495.13,504.87
Hackney,E09000012,246270,1.94,116.81,79.67,32.52,109.99,416.79,173.59,62.73,7.91,1093.25,128.87,210.07,461.75,106.05,521.55,307.38,108.97,45.41,16.68,495.51,504.49
Halton,E06000006,125746,2.18,102.72,82.68,39.38,88.7,263.59,275.95,131.23,15.74,1956.98,21.57,15,4.14,2.32,466.69,315.66,139.2,61.49,16.96,488.03,511.97
Hambleton,E07000164,89140,1.78,79.4,77.68,36.15,71.64,218.08,301.2,188.74,27.11,1966.23,13.3,13.46,4.22,2.78,486.7,344.2,126.04,33.34,9.73,493.4,506.6
Hammersmith and Fulham,E09000013,182493,1.54,95.05,58.82,24.29,113.77,432.24,185.9,78.92,11.02,1361.39,110.08,182.31,235.68,110.55,564.6,292.47,94.18,35.79,12.95,487.22,512.78
Harborough,E07000131,85382,1.77,90.1,88,40.31,63.42,240.41,295.14,157.98,24.62,1904.76,22.74,60.04,7.66,4.8,508.55,342.71,113.69,27.46,7.59,496.04,503.96
Haringey,E09000014,254926,1.86,109.48,83.2,33.54,96.26,390,199.78,78.25,9.5,1210.88,129.83,189.47,375.25,94.58,496.16,335.65,111.58,41.78,14.83,495.14,504.86
Harlow,E07000073,81944,2.29,110.62,83,39.21,81.63,288.84,246.53,130.53,19.64,1781.68,42.76,91.11,75.42,9.03,451.15,358.54,136.72,41.47,12.13,484.16,515.84
Harrogate,E07000165,157869,1.8,88.07,81.8,38.94,67.3,245.29,282.9,166.45,29.24,1926.6,22.5,30.52,14.53,5.85,506.33,337.7,118.03,29.76,8.18,487.98,512.02
Harrow,E09000015,239056,2.7,104.26,83.68,40.72,89.67,304.13,236.72,121.64,19.19,844.91,79.47,851.75,164.88,58.98,475.75,360.04,118.5,34.67,11.04,493.7,506.3
Hart,E07000089,91033,1.65,100.95,87.9,38.1,65.7,265.51,276.87,144.74,20.23,1897.22,32.01,53.78,11.12,5.87,550.12,330.87,92.63,20.77,5.61,496.24,503.76
Hartlepool,E06000001,92028,2.72,96.71,83.05,41.59,91.34,244.39,273.43,149.32,20.17,1953.73,11.95,28.34,3.69,2.28,432.65,327.26,158.72,62.9,18.46,486.28,513.72
Hastings,E07000062,90254,2.66,94.12,79.38,38.39,89.34,258.14,269.99,143.87,26.77,1875.4,43.17,47.11,23.6,10.73,405.03,362.39,158.18,57.16,17.24,487.67,512.33
Havant,E07000090,120684,2.45,88.28,79.9,39.15,80.28,227.41,274.3,182.29,28.39,1941.63,25.09,23.65,6.43,3.2,443.09,358.58,142.42,42.86,13.05,485.62,514.38
Havering,E09000016,237232,3.56,91.91,82,40.34,87.52,256.93,263.09,152.68,25.53,1753.13,41.59,97.33,96.79,11.16,460.02,355.68,132.75,39.89,11.66,481.42,518.58
Herefordshire,E06000019,183477,1.6,82.46,76.98,36.95,72.68,231.8,286.48,183.63,29.02,1963.94,13.84,15.69,3.61,2.92,457.14,351.51,139.07,40.56,11.72,492.17,507.83
Hertsmere,E07000098,100031,3.18,103.77,85.05,40.22,79.61,267.74,260.39,136.68,26.55,1700.73,52.36,147.81,78.52,20.57,515.42,328.77,114.29,32.07,9.45,482.75,517.25
High Peak,E07000037,90892,2.62,87.43,81.33,38.24,80.73,244.62,295.25,150.74,21.65,1957.36,20.77,15.64,4.05,2.18,475.12,340.84,132.15,40.66,11.22,492.61,507.39
Hillingdon,E09000017,273936,2.58,110.24,85.05,38.78,110.77,299.62,227.13,111.29,17.13,1212.19,76.51,505.61,146.62,59.07,487.8,352.81,114.96,34.33,10.1,495.78,504.22
Hinckley and Bosworth,E07000132,105078,1.97,87.13,77.62,36.8,71.31,253.07,290.09,160.74,23.25,1929.4,19.55,42.75,4.99,3.31,462.63,358.33,132.99,36.28,9.77,492.02,507.98
Horsham,E07000227,131301,1.71,87.81,86.37,39.78,63.31,236.86,291.12,166.39,28.35,1920.2,27.02,39.38,9.92,3.49,505.73,347.93,111.04,27.11,8.18,485.95,514.05
Hounslow,E09000018,253957,2.24,114.73,76.52,35.12,95.97,358.27,213.64,92.83,12.94,1027.77,81.5,687.18,132.41,71.14,490.01,350.71,112.43,35.77,11.08,501.65,498.35
Huntingdonshire,E07000011,169508,1.47,94.14,83.8,38.33,78.63,266.34,277.7,141.27,19.79,1895.97,29.85,49.44,19.37,5.37,487.74,356.74,116.11,30.91,8.51,498.69,501.31
Hyndburn,E07000120,80734,2.61,105.42,86.39,41.2,86.64,267.74,253.95,139.42,19.24,1753.36,17.24,223.13,2.63,3.64,430.54,341.99,151.42,59.45,16.6,495.17,504.83
Ipswich,E07000202,133384,2.39,105.6,77.57,38.09,98.35,295.31,236.42,125.29,23.38,1778.26,72.21,86.07,46.42,17.03,455.61,358.36,135.35,39.23,11.45,498.02,501.98
Isle of Wight,E06000046,138265,1.84,74.91,76.41,37.94,70.53,216.01,285.86,201.67,36.67,1946.19,24.72,21.9,4.38,2.81,408.06,365.34,161.85,50.06,14.7,487.64,512.36
Isles of Scilly,E06000053,2203,0,77.17,69.9,13.16,62.64,255.11,292.33,197.91,31.77,1976.4,16.34,1.82,1.82,3.63,515.21,342.26,112.57,24.06,5.9,500.23,499.77
Islington,E09000019,206125,1.58,88.24,62.1,26.17,125.45,422.93,187.6,77.16,10.34,1363.4,129.43,184.68,255.13,67.37,516.12,307.49,112.13,47.4,16.85,491.96,508.04
Kensington and Chelsea,E09000020,158649,1.58,87.96,58.56,21.71,90.46,389.41,231.41,104.94,15.55,1412.14,113.28,199.95,130.26,144.37,578.41,284.84,91.17,33.77,11.82,492.87,507.13
King's Lynn and West Norfolk,E07000146,147451,2.64,83.7,73.09,35.37,74.94,229.6,273.79,199.23,30.27,1945.18,18.61,25.27,7.61,3.34,409.1,370.84,158.97,48,13.09,488.66,511.34
Kingston upon Hull,E06000010,256406,2.38,101.84,74.74,37.06,124.62,282.29,240.09,121.25,18.1,1882.34,26.94,50.47,23.37,16.88,431.17,349.34,148.6,54.78,16.11,500.85,499.15
Kingston upon Thames,E09000021,160060,1.91,103.78,74.1,32.62,113.38,320.37,228.56,106.31,20.88,1489.68,78.33,326.78,50.24,54.97,526.88,334.86,102.62,27.73,7.92,487.96,512.04
Kirklees,E08000034,422458,2.06,104.88,85.76,38.54,94.9,270.72,253.36,132.86,18.99,1582.5,46.35,320.89,37.42,12.83,455.35,349.69,137.39,45.05,12.52,493.91,506.09
Knowsley,E08000011,145893,2.71,97.52,85.03,42.19,94.69,250.86,271.97,141.54,16.2,1944.69,26.22,19.23,6.92,2.93,460.29,298.2,146.82,72.87,21.82,475.2,524.8
Lambeth,E09000022,303086,1.72,101.94,69.07,28.15,106.34,430.33,187.68,67.12,9.39,1141.76,152.83,138.17,518.28,48.97,528.98,320.98,102.9,35.4,11.74,497.95,502.05
Lancaster,E07000121,138375,2.06,80.85,73.89,34.81,142.01,233.13,252,157.75,25.56,1912.8,19.6,53.94,9.08,4.58,466.68,338.44,137.02,44.91,12.95,483.04,516.96
Leeds,E08000035,751485,2.04,97.17,73.95,34.7,131.25,286.93,230.16,126.44,19.4,1701.93,52.25,155.01,68.91,21.9,480.77,338.03,127.1,41.92,12.17,489.61,510.39
Leicester,E06000016,329839,2.46,112.85,84.94,38.35,143.25,296.32,211.47,96.48,16.35,1010.41,70.22,742.6,124.82,51.95,449.03,356.39,134.24,45.39,14.95,493.83,506.17
Lewes,E07000063,97502,2.73,84.2,78.17,35.92,69.29,220.54,284.66,190.97,36.25,1931.43,26.15,28.72,8.53,5.17,448.39,355.21,142.56,41.7,12.13,485.76,514.24
Lewisham,E09000023,275885,1.99,118.11,77.4,34.69,99.46,367.04,208.58,82.11,12.62,1070.63,148.41,185.11,543.28,52.57,490.89,340.18,117.04,38.98,12.91,489.18,510.82
Lichfield,E07000194,100654,2.79,84.59,78.54,36.61,73.87,241.05,284.12,178.67,22.55,1935.32,20.55,32.25,9.56,2.32,469.18,347.86,131.73,39.33,11.89,495.96,504.04
Lincoln,E07000138,93541,1.75,87.92,65.65,32.53,169.56,275.4,226.48,120.38,22.09,1911.01,26.3,38.36,16.63,7.7,441.83,365.79,139.03,41.77,11.59,489.34,510.66
Liverpool,E08000012,466415,2.74,85.09,70.71,34.83,147.86,282.97,238.18,123.79,16.57,1778.12,50.41,83.2,52.78,35.49,467.35,304.73,140.27,66.81,20.84,494.16,505.84
Luton,E06000032,203201,2.5,125,91.65,40.14,108.39,308.75,208.54,103.76,13.76,1093.29,81.51,599.92,195.95,29.33,465.58,360.73,124.39,37.26,12.04,501.74,498.26
Maidstone,E07000110,155143,2.57,96.42,82.65,38.05,77.35,266.5,268.13,148.25,22.65,1882.08,30.23,63.72,17.79,6.17,481.08,350.54,124.34,34.31,9.73,493.04,506.96
Maldon,E07000074,61629,2.26,80.34,82.15,38.03,66.54,225.71,306.45,176.13,24.65,1961.06,16.42,15.71,4.87,1.95,461.97,356.34,134.17,36.67,10.84,494.22,505.78
Malvern Hills,E07000235,74631,1.74,73.09,79.5,43.08,63.63,199.17,300.6,204.61,36.33,1952.03,17.12,24.17,4.05,2.63,455.72,350.67,140.61,39.38,13.61,486.88,513.12
Manchester,E08000003,503127,1.81,108.27,74.22,32.47,176.82,333.98,179.74,81.83,12.67,1332.11,92.07,341.81,172.85,61.17,487.62,316.92,124.52,53.69,17.24,502.11,497.89
Mansfield,E07000174,104466,2.82,93.57,76.07,38.3,86.66,261.37,272.24,150.44,21.35,1943.64,21.17,24.68,7.62,2.89,414.44,343.6,161.99,61.99,17.98,491.15,508.85
Medway,E06000035,263925,2.76,102.14,87.15,41.38,102.87,272.43,253.82,123.51,16.7,1792.77,39.22,103.17,50.49,14.34,457.18,362.52,129.99,39.36,10.95,495.69,504.31
Melton,E07000133,50376,1.81,87.42,81.39,37.91,71.64,241.33,296.55,158.69,25.07,1958.04,16.44,20.57,3.77,1.19,483.35,355.17,124.96,28.76,7.76,490.67,509.33
Mendip,E07000187,109279,1.55,87.23,84.96,46.04,72.46,225.71,288.9,165.75,28.96,1959.33,18.23,17,3.84,1.59,468.1,350.2,133.78,37.86,10.07,488.54,511.46
Merton,E09000024,199693,2.15,110.44,73.39,32.85,81.63,368.27,217.63,99.38,16.41,1298.05,93.48,361.99,208.43,38.05,520.25,336.01,105.29,29.7,8.76,493.33,506.67
Mid Devon,E07000042,77750,0.89,91.19,81.85,39.06,68.09,228.12,287.64,175.88,28.17,1972.89,12.45,11.01,2.42,1.23,466.41,354.39,133.74,35.82,9.65,489.65,510.35
Mid Suffolk,E07000203,96731,1.83,87.88,83.14,38.16,66.94,229.37,293.23,174.89,26.4,1957.32,19.7,13.38,7.67,1.92,478.84,353.09,128.52,31.22,8.32,495.44,504.56
Mid Sussex,E07000228,139860,2.28,95.6,85.1,39.55,65.66,257.47,275.67,153.07,27.87,1902.16,28.13,53.78,11.27,4.66,518,339.8,106.81,27.63,7.76,489.5,510.5
Middlesbrough,E06000002,138412,2.64,105.55,83.68,40.16,117.01,254.16,249.95,131.68,17.81,1763.65,34.13,155.59,25.01,21.62,454.12,327.25,142.47,57.81,18.37,489.35,510.65
Milton Keynes,E06000042,248821,2.01,121.26,88.46,38.38,77.27,318.08,246,96.3,14.27,1600.3,66.19,183.12,137.7,12.69,501.67,348.76,108.23,31.97,9.38,494.8,505.2
Mole Valley,E07000210,85375,2.8,87.18,84.81,39.61,60.78,232.55,288.05,175.57,31.45,1901.45,29.45,51,9.35,8.76,514.51,337.35,112.53,28.54,7.07,489.01,510.99
New Forest,E07000091,176462,1.72,77.59,74.11,34.95,66.33,208.14,288.73,208.6,41.55,1951.24,18.36,18.87,6.94,4.59,451.49,358.73,140.94,38.05,10.78,480.47,519.53
Newark and Sherwood,E07000175,114817,1.94,88.23,81.22,37.59,76.2,242.38,284.64,165.97,23.77,1950.2,20.21,18.05,8.69,2.86,448.58,345.52,146.96,45.69,13.25,492.58,507.42
Newcastle upon Tyne,E08000021,280177,1.76,89.43,71.34,32.43,176.04,267.4,225.16,118.63,19.57,1709.87,30.54,193.5,36.83,29.25,478.03,318,135.69,52.8,15.48,500.49,499.51
Newcastle-under-Lyme,E07000195,123871,2.83,83.09,75.56,34.87,111.09,243.85,269.83,158.74,22.97,1899.75,24.06,56.7,13.37,6.12,446.52,344.84,143.71,50.96,13.97,494.11,505.89
Newham,E09000025,307984,2.42,124.13,89.53,39.04,133.04,380.02,167.38,59.28,7.58,579.35,90.56,869.49,391.29,69.3,484.66,345.96,113.12,41.44,14.82,520.6,479.4
North Devon,E07000043,93667,0.59,84.81,76.41,37.42,73.57,221.6,284.04,189.96,32.19,1958.9,16.76,17.83,3.37,3.14,463.78,338.48,141.61,43.39,12.75,486.38,513.62
North East Derbyshire,E07000038,99023,2.75,78.53,73.74,37.54,73.31,230.51,295.13,185.67,25.57,1960.84,15.88,16.06,4.77,2.46,429.55,342.61,158.89,53.71,15.24,490.43,509.57
North East Lincolnshire,E06000012,159616,1.58,97.43,79.47,38.36,91.9,249.28,266.35,153.78,23.44,1947.44,14.86,26.68,5.15,5.88,440.07,350.43,148.98,47.03,13.49,490.22,509.78
North Hertfordshire,E07000099,127114,2.34,99.01,82.69,38.12,68.05,276.12,265.2,144.23,26.57,1789.81,53.12,107.32,39.19,10.56,501.92,341.11,117.73,31.14,8.1,490.74,509.26
North Kesteven,E07000139,107766,1.81,82.09,81.76,37.97,67.51,239.25,282.71,182.91,25.81,1964.16,14.68,13.92,4.66,2.58,459.91,351.08,138.64,38.95,11.41,488.12,511.88
North Lincolnshire,E06000013,167446,1.66,95.94,78.5,37.92,79.6,248.65,280,156.92,22.48,1920,14.86,54.33,5.9,4.91,437.36,357.63,147.31,45.35,12.36,493.43,506.57
North Norfolk,E07000147,101499,1.82,66.97,65.36,33.92,63.58,185.96,296.55,246.55,41.1,1972.97,12.16,10.46,3.09,1.32,389.21,377.7,171.55,47.68,13.87,484.76,515.24
North Somerset,E06000024,202566,1.64,90.51,78.6,35.27,67.49,240.16,277.49,178.28,32.18,1945.8,20.07,24.05,6.24,3.84,463.07,347.71,136.6,40.86,11.76,486.08,513.92
North Tyneside,E08000022,200801,2.15,91.18,74.69,35.05,76.34,269.2,277.78,152.31,23.47,1932.51,18.08,38,7.31,4.1,448.36,333.44,150.18,52.98,15.04,482.48,517.52
North Warwickshire,E07000218,62014,2.42,83.93,80.93,37.09,73.81,247.57,293.08,162.22,21.37,1957.91,16.32,18.71,5.55,1.52,451.17,348.37,140.69,45.96,13.8,493.5,506.5
North West Leicestershire,E07000134,93468,2.26,94.11,82.85,36.89,71.7,258.06,282.73,151.28,22.38,1951.19,18.85,22.98,4.39,2.59,454.46,355.22,138.85,39.94,11.53,495.73,504.27
Northumberland,E06000057,316028,2.21,81.85,76.45,36.3,73.46,228.91,302.72,175.25,25.06,1968.6,10.71,16.82,2.14,1.73,439.8,343.19,153.72,49.49,13.79,487.69,512.31
Norwich,E07000148,132512,1.51,93.41,61.3,27.95,154.12,308.61,208.62,121.15,24.84,1816.82,45.87,88.2,32.4,16.71,448.67,354.22,140.52,44.24,12.35,492.54,507.46
Nottingham,E06000018,305680,2.08,98.64,72.28,33.19,195.23,287.07,197.28,99.44,16.86,1430.9,132.59,261.97,145.15,29.4,461.39,338.04,136.03,49.28,15.26,503.07,496.93
Nuneaton and Bedworth,E07000219,125252,2.19,97.44,81.05,39.55,82.95,266.49,265.48,147.93,19.11,1826.59,22.29,125.83,16.72,8.57,439.8,353.33,144.77,48.06,14.04,490.54,509.46
Oadby and Wigston,E07000135,56170,2.87,81.77,79.44,41.41,109.36,232.38,261.81,166.49,27.33,1460.25,41.87,445.79,23.89,28.2,451.9,366.17,133.95,37.07,10.91,483.69,516.31
Oldham,E08000004,224897,2.79,114.91,95.18,41.38,90.42,267.33,244.25,127.81,18.71,1550.27,36.08,383.86,24.87,4.91,451.43,333.43,145.75,54.15,15.24,489.8,510.2
Oxford,E07000178,151906,1.15,90.82,65.67,30.35,203.13,318.86,181.65,91.79,17.75,1553.03,79.46,247.88,92.53,27.11,552.34,317.31,94.27,27.58,8.51,495.93,504.07
Pendle,E07000122,89452,2.91,109.16,82.94,37.23,88.06,265.24,256.95,139.16,21.26,1597.21,21.15,375.78,2.82,3.04,435.6,344.61,150.15,55.01,14.63,492.02,507.98
Peterborough,E06000031,183631,1.72,114.32,85.42,39.21,91.49,301.48,232.61,117.25,18.23,1650.53,53.89,234.08,45.35,16.15,442.6,372.99,132.67,40.43,11.31,494.79,505.21
Plymouth,E06000026,256384,0.81,90.85,72.69,34.97,129.42,263.47,245.9,140.79,21.91,1922.97,25.64,30.47,13.09,7.83,460.15,335.26,139.46,50.75,14.37,494.12,505.88
"Bournemouth, Christchurch and Poole",E06000058,378888,2.3,83.87,67.66,32,99.69,266.38,248.09,166.53,35.79,1883.99,34.9,57.2,12.49,11.41,458.83,348.02,138.29,42.38,12.47,491.92,508.08
Portsmouth,E06000044,205056,1.73,100.06,73.09,33.76,155.06,285.36,218.99,112.51,21.17,1767.15,53.32,121.66,36.84,21.03,476.92,348.41,124.18,38.99,11.5,503.28,496.72
Preston,E07000123,140202,2.22,101.68,78.07,35.04,139.78,277.21,230.94,119.09,18.18,1603.61,47.45,310.01,23.91,15.02,465.59,341.22,132.56,47.39,13.25,501.31,498.69
Purbeck,E07000051,44973,1.51,76.25,73.98,36.67,67.82,208.64,293.24,209.35,34.06,1971.85,14.5,10.27,2.13,1.25,449.85,359.06,140.97,39.62,10.5,489.8,510.2
Reading,E06000038,155698,1.71,111.75,71.04,31.69,124.91,344.38,201.69,97.56,16.97,1495.04,79.38,271.82,134.49,19.27,502.06,352.69,107.71,29.48,8.07,500.76,499.24
Redbridge,E09000026,278970,2.93,119.11,92.99,40.21,91.82,315.61,220.6,101.7,17.98,850.6,82.13,835.24,178.12,53.91,481.16,349.84,119.98,37.56,11.46,494.94,505.06
Redcar and Cleveland,E06000003,135177,2.33,88.14,77.96,39.36,85.87,234.86,279.6,171.18,23.03,1970.79,12.62,12.86,1.81,1.92,423.78,339.14,158.67,60.54,17.87,485.7,514.3
Redditch,E07000236,84214,2.04,103.23,80.96,38.01,83.72,284.55,268.42,123.49,17.62,1840.48,39.3,95.68,20.47,4.06,467.75,348.56,129.59,41.82,12.28,496.92,503.08
Reigate and Banstead,E07000211,137835,2.89,102.52,82.21,36.06,70.16,280.36,263.76,136.99,27.94,1812.01,44.07,101.45,31.43,11.04,515.49,340.32,107.85,27.89,8.45,489.15,510.85
Ribble Valley,E07000124,57132,2.54,82.27,89.07,41.01,68.26,220.31,297.24,175.94,25.89,1957.01,12.6,25.52,3.22,1.65,514.86,321.64,123.38,31.59,8.52,489.62,510.38
Richmond upon Thames,E09000027,186990,1.58,112.43,74.59,29.88,67.61,331.26,248.94,113.68,21.6,1719.08,72.52,145.54,30.12,32.75,573.38,305.3,89.11,24.69,7.52,487.45,512.55
Richmondshire,E07000166,51965,1.58,87.69,79.13,34.7,115.04,247.01,261.77,153.41,21.25,1907.28,19.32,47.99,19.09,6.31,513.38,334.51,115.23,29.31,7.56,527.41,472.59
Rochdale,E08000005,211699,2.83,108.32,89.26,42.25,92.04,269.37,253.19,127.58,17.98,1633.21,33.72,298.82,26.17,8.09,445.13,331.4,147.87,58.82,16.78,489.57,510.43
Rochford,E07000075,83287,3.22,83.77,82.86,40.33,70.95,237.76,284.08,174.79,25.47,1943.57,21.73,21.16,10.4,3.15,477.55,349.21,130.06,33.81,9.37,489.72,510.28
Rossendale,E07000125,67982,2.44,98.1,82.6,40.25,80.05,263.23,280.72,135.18,19.87,1876.32,17.71,99.91,3.62,2.44,462.45,331.09,141.26,51.12,14.09,490.82,509.18
Rother,E07000064,90588,3.85,71.61,74.26,35.9,59.81,181.07,292.95,233.35,51.04,1941.78,22.76,24.35,6.73,4.37,405.54,365.96,165.14,49.27,14.09,474.91,525.09
Rotherham,E08000018,257280,2.9,95.85,83.12,38.91,83.3,253.79,270.72,152.92,21.37,1871.56,19.83,82.02,16.42,10.17,432.34,339.07,152.67,58.75,17.18,490.7,509.3
Rugby,E07000220,100075,1.73,97.45,83.08,40.35,73.13,271.89,260.9,149.49,23.72,1809.94,39.69,104.42,39.71,6.24,476.75,352.8,125.71,35.05,9.69,498.47,501.53
Runnymede,E07000212,80510,1.93,91.08,70.6,31.65,122.72,264.19,252.48,141.73,25.55,1779.48,41.51,138.14,21.41,19.45,513.22,340.96,108.89,29.45,7.48,486.25,513.75
Rushcliffe,E07000176,111129,1.83,91.62,81.56,36.43,78.61,247.44,280.56,158.31,25.47,1862.77,35.08,83.04,11.28,7.83,519.12,325.95,114.99,31.21,8.74,492.25,507.75
Rushmoor,E07000092,93807,2.33,109.77,79.5,39.76,95.6,318.32,235.05,105.19,16.8,1695.4,43.86,207.98,39.83,12.94,500.71,355.41,107.66,27.98,8.24,498.44,501.56
Rutland,E06000017,37369,1.74,79.83,82.23,55.23,68.8,229.95,273.92,180.58,29.46,1942.84,20.82,19.53,13.43,3.37,503.84,340.34,121.28,26.97,7.57,506.17,493.83
Ryedale,E07000167,51751,1.29,75.5,76.81,41.12,63.03,204.21,306.45,203.17,29.72,1973.45,11.67,10.55,3.09,1.24,455.16,357.02,141.62,35.67,10.53,491.06,508.94
Salford,E08000006,233933,2.65,104.31,76.24,36.17,111.91,298.33,231.1,122.63,19.32,1802.76,39.46,80.61,55.92,21.25,460.34,323.53,140.42,58.74,16.97,499.21,500.79
Sandwell,E08000028,308063,3.13,114.26,87.64,39.54,93.59,285.33,227.6,131.97,20.08,1398.88,66.21,384.71,119.18,31.02,419.34,347.59,156.09,58.98,17.99,492.08,507.92
Scarborough,E07000168,108793,1.73,77.29,70.75,35.15,82.58,208.27,293.23,200.79,31.94,1950.57,15.98,25.08,4.41,3.97,415.84,355.91,161.66,52.5,14.07,483.21,516.79
Sedgemoor,E07000188,114588,1.54,86.69,80.43,39.89,76.19,224.23,287.79,176.28,28.5,1967.47,15.17,12.83,2.44,2.09,445.46,351.62,147.75,43.58,11.6,489.13,510.87
Sefton,E08000014,273790,2.85,83.65,77.21,37.59,81.32,228.35,283.65,180.74,27.49,1948.51,20.6,19.86,5.81,5.22,453.15,325.49,148.36,56.79,16.21,479.33,520.67
Selby,E07000169,83449,1.43,91.27,79.93,38.29,75.08,250.87,296.73,146.87,20.97,1967.12,15,11.82,5.08,0.98,483.54,343.01,127.67,36.05,9.73,490.68,509.32
Sevenoaks,E07000111,114893,2.39,97.8,84.99,39.95,65.44,240.32,282.91,163.02,25.56,1915.33,29.16,36.29,14.85,4.37,511.75,333.74,114.72,31.06,8.74,485.17,514.83
Sheffield,E08000019,552698,2.18,95.53,75.46,34.02,144.09,269.72,226.12,133.75,21.3,1673.77,48.09,160.61,72.67,44.86,467.25,333.53,137.02,48.31,13.88,493.33,506.67
Folkestone and Hythe,E07000112,107969,3.37,86.4,79.4,38,80.46,232.69,275.44,176.03,31.57,1893.41,23.47,68.52,8.48,6.11,422.13,361.21,152.5,49.28,14.88,492.13,507.87
Shropshire,E06000051,306129,1.76,81.96,78.9,39.26,76.93,231.85,284.32,179.31,27.46,1959.13,14.16,20.18,3.79,2.73,464.87,349.23,135.48,39.13,11.29,495.24,504.76
Slough,E06000039,140205,2.23,135.89,90.95,38.65,90.79,351.29,200.96,79.47,12,913.7,67.87,794.51,172.82,51.1,478.98,359.93,116.17,34.99,9.92,500.12,499.88
Solihull,E08000029,206674,2.66,90.26,85.75,41.8,78.05,237.49,275.06,164.97,26.62,1782.94,42.62,131.23,31.34,11.86,475.13,342,130.91,39.87,12.08,485.56,514.44
South Cambridgeshire,E07000012,148755,1.22,99.38,85.27,38.55,68.21,269.17,273.36,143.22,22.84,1865.98,33.93,74.48,17.05,8.55,524.63,337.11,106.16,25.14,6.96,496.05,503.95
South Derbyshire,E07000039,94611,2.52,97.11,86.96,40.3,73.29,273.82,273.92,136.27,18.33,1913.67,22.45,50.21,8.98,4.69,476.42,344.04,130.51,38.55,10.47,496.38,503.62
South Gloucestershire,E06000025,262767,1.48,94.73,81.82,39.95,85.86,264.8,263.85,147.94,21.06,1899.58,27.91,49.02,16.88,6.61,491.47,348.88,117.75,32.56,9.34,496.35,503.65
South Hams,E07000044,83140,0.54,72.29,74.89,36.26,64.05,194.86,320.05,204.05,33.55,1967.38,15.71,11.02,2.91,2.98,474.07,343.69,133.21,37.96,11.08,482.51,517.49
South Holland,E07000140,88270,2.01,79.79,76.15,36.6,70.47,235.94,278.29,193.52,29.24,1956.95,18.04,16.93,5.82,2.27,405.25,375.54,158.24,47.21,13.76,488.49,511.51
South Kesteven,E07000141,133788,2.03,87.53,83.39,39.94,67.49,242.56,288.02,164.57,26.48,1949.26,17.07,23.62,7.61,2.44,468.09,351.29,132.8,37.41,10.4,483.27,516.73
South Lakeland,E07000031,103658,2.55,70.31,70.86,37.06,60.08,215.13,304.21,208.3,34.04,1967.28,12.21,15.18,3.53,1.79,467.51,351.01,136.19,35.7,9.59,487.39,512.61
South Norfolk,E07000149,124012,1.75,86.13,81.19,38.28,63.5,230.45,286.57,185.72,28.16,1951.12,19.58,20.48,6.1,2.73,463.5,358.03,133.66,34.65,10.16,487.98,512.02
West Northamptonshire,E06000062,375101,2.12,102.81,83.24,37.5,84.77,277.56,265.38,128.91,19.82,1796.49,47.04,85.65,61.84,8.98,477.95,358.54,120.78,33.27,9.46,493.64,506.36
South Oxfordshire,E07000179,134257,1.52,96.99,83.75,37.4,66.54,258.72,275,156.45,25.14,1921.58,26.83,35.83,11.44,4.32,525.64,333.53,107.32,26.2,7.31,491.63,508.37
South Ribble,E07000126,109057,2.06,91.2,79.11,37.13,80.44,258.08,276.05,156.41,21.59,1941.13,21.53,29.56,4.91,2.86,476.9,341.21,130.57,41.02,10.31,489.14,510.86
South Somerset,E07000189,161243,1,85.86,79.01,37.45,74.81,225.94,280.95,184.44,31.54,1961.39,14.36,17.48,4.43,2.34,454.45,359.12,138.19,37.92,10.31,490.6,509.4
South Staffordshire,E07000196,108131,2.32,74.16,76.8,38.21,79.14,224.44,299.11,183.8,24.32,1918.04,27.65,39.25,10.69,4.37,453.45,355.03,137.81,41.02,12.7,492.39,507.61
South Tyneside,E08000023,148127,3.02,86.42,75.37,38.45,89.41,245.31,283.75,157.07,24.22,1918.61,17.89,44.7,5.67,13.12,427.64,329.86,160,63.42,19.08,483.1,516.9
Southampton,E06000045,236882,1.44,96.31,67.53,30.99,168.8,298.35,208.11,110.2,19.72,1718.39,47.94,167.95,42.78,22.94,475.57,349.88,123.6,38.93,12.02,504.27,495.73
Southend-on-Sea,E06000033,173658,3.5,97.87,80.09,37.17,78.1,277.62,251.81,148.18,29.17,1831.45,42.05,74.17,42,10.33,451.12,350.86,140.62,44.79,12.61,489.68,510.32
Southwark,E09000028,288283,1.45,106.06,68.76,29.97,119.06,403.24,195.46,67.45,10,1084.69,123.34,188.65,537.74,65.58,534.9,312.21,103.84,36.58,12.47,494.72,505.28
Spelthorne,E07000213,95598,2.13,96.41,74.69,35.69,74.93,278.67,265.13,150.09,24.39,1745.96,49.83,152.62,32.32,19.27,480.44,358.16,120.39,32.27,8.74,492.2,507.8
St Albans,E07000240,140664,2.27,113.21,88,38.47,63.29,286.07,256.14,132.1,22.71,1768.47,55.51,128.12,33.95,13.95,551.18,318.58,98.12,25.03,7.09,490.81,509.19
West Suffolk,E07000245,170756,1.05,96.62,75.99,34.88,85.72,275.33,251.77,155.01,24.68,1891.85,36.87,36.16,25.74,9.38,476.01,356.36,124.83,33.56,9.24,502.16,497.84
St. Helens,E08000013,175308,2.87,91,78.71,37.93,84.6,254.63,274.01,159.18,19.93,1960.86,13.45,20.12,2.83,2.74,448.47,319.34,149.44,64.82,17.93,491.35,508.65
Stafford,E07000197,130869,2.45,85.07,73.79,35.58,85.63,248.19,278.61,167.98,25.15,1899.73,25.89,50.25,16.92,7.21,461.27,355.88,132.32,39.11,11.42,500.91,499.09
Staffordshire Moorlands,E07000198,97106,2.76,77.55,75.35,36.56,70.46,232.1,298.1,184.45,25.44,1973.62,12.4,10.34,2.47,1.17,441.52,350.65,148.62,45.52,13.7,492.14,507.86
Stevenage,E07000243,83957,1.82,106.84,83.46,40.65,90.83,284.22,252.59,122.98,18.43,1753.23,53.96,115.49,67.56,9.77,470.65,356.77,126.87,35.54,10.17,494.1,505.9
Stockport,E08000007,283275,2.31,95.72,80.47,37.82,75.35,257.58,272.93,156.3,23.83,1841.45,36.04,97.16,13.82,11.52,478.33,332.72,132.74,44.14,12.07,488.57,511.43
Stockton-on-Tees,E06000004,191610,2.29,99.92,81.45,39.26,93.66,261.66,267.73,138.15,18.17,1892.38,20.84,69.22,11.83,5.73,463.5,335.48,137.7,48.52,14.8,491.01,508.99
Stoke-on-Trent,E06000021,249008,2.88,104.52,78.37,36.38,104.68,272.71,247.45,136.96,18.94,1772.73,36.07,148.12,30.05,13.03,419.71,346.62,153.32,61.67,18.68,497.96,502.04
Stratford-on-Avon,E07000221,120485,2.24,80.37,77.25,36.43,63.12,224.75,297.48,190.55,30.06,1947.25,20.88,24.33,4.38,3.15,482.17,348.31,127.11,33.61,8.81,485.51,514.49
Stroud,E07000082,112779,1.53,86.63,82.46,40.02,67.55,233.7,294.77,167.7,27.17,1958.27,21.56,13.32,4.61,2.23,476.85,352.11,128.05,33.54,9.44,492.24,507.76
Sunderland,E08000024,275506,2.81,87.03,75.82,36.58,99.52,253.35,277.86,151.11,18.74,1918.52,12.91,53.25,9.24,6.08,426,328.69,159.53,65.9,19.88,486.21,513.79
Surrey Heath,E07000214,86144,2.65,96.05,86.74,39.28,69.12,265.68,275.91,146,21.22,1803.77,37.75,125.12,19.99,13.37,534.71,332.97,99.98,24.93,7.41,497.63,502.37
Sutton,E09000029,190146,2.39,103.33,83.47,39.8,76.66,303.12,250.4,122.19,21.04,1571.94,75.04,231.77,95.93,25.33,487.35,355.32,116.37,31.93,9.02,486.17,513.83
Swale,E07000113,135835,2.95,99.72,88,40.2,81.27,254.15,270.11,146.97,19.58,1931.09,23.19,21.92,20.54,3.25,443.17,358.66,140.74,44.23,13.19,494.36,505.64
Swindon,E06000030,209156,1.52,103.43,82.02,36.98,83.9,303.19,252.52,119.81,18.14,1796.73,40.41,127.8,27.36,7.71,482.56,351.85,119.8,36.13,9.67,500.19,499.81
Tameside,E08000008,219324,2.92,101.07,80.96,39.08,87.35,269.93,265.67,136.88,19.06,1818.58,28.81,132.71,16.27,3.64,439.55,337.03,150.5,56.96,15.96,490.83,509.17
Tamworth,E07000199,76813,2.51,102.6,84.76,38.74,85.4,277.88,265.53,129.8,15.28,1946.57,20.91,19.87,10.23,2.42,456.03,352.34,134.27,44.25,13.11,490.72,509.28
Tandridge,E07000215,82998,2.53,93.75,86.88,40.21,68,242.9,283.26,157.4,27.6,1876.67,43.11,52.15,21.25,6.82,505.02,343.55,113.86,28.95,8.61,483.84,516.16
Teignbridge,E07000045,124220,0.85,77.72,75.17,36.38,67.07,212.44,297.64,196.49,37.1,1966.88,14.89,14.38,1.88,1.96,449.36,348.91,146.81,42.41,12.51,484.45,515.55
Telford and Wrekin,E06000020,166641,1.45,105.19,86.51,41.59,92.58,271.34,258.23,128.47,16.08,1853.27,35.8,83.9,21.35,5.68,458.7,343.24,135.67,48.15,14.23,495.37,504.63
Tendring,E07000076,138048,4.17,77.46,74.13,36.27,70.06,194.41,277.67,229.09,40.91,1951.02,21.25,18.47,6.29,2.97,384.18,358.22,181.47,58.3,17.83,478.61,521.39
Test Valley,E07000093,116398,1.9,92.14,83.33,39.61,70.14,241.11,289.84,159.45,24.37,1918.33,25.67,40.69,8.37,6.94,500.2,345.9,116.24,29.7,7.96,488.67,511.33
Tewkesbury,E07000083,81943,2.15,88.74,77.6,35.27,69.15,244.11,283.66,173.79,27.68,1950.16,18.94,21.99,6.22,2.68,476.38,356.14,124.64,32.99,9.86,489.12,510.88
Thanet,E07000114,134186,3.34,93.37,84.77,38.74,80.41,226.64,264.32,177.96,33.78,1910.69,32.58,37.32,13.56,5.84,407.2,351.07,166.76,58.02,16.95,481.09,518.91
Three Rivers,E07000102,87317,2.62,98.76,88.55,39.81,70.78,263.24,270.45,143.09,25.33,1724.61,45.86,183.08,36.88,9.57,506.97,342.12,111.91,30.6,8.39,485.25,514.75
Thurrock,E06000034,157705,2.83,116.88,87.2,39.5,85.14,302.64,241.68,110.3,16.65,1717.5,39.3,75.17,156.28,11.76,481.99,347.41,122.94,37.34,10.32,493.47,506.53
Tonbridge and Malling,E07000115,120805,2.02,100.26,92.48,44.24,70.98,254,268.95,148.93,20.16,1918.33,27.76,40.25,6.97,6.69,499.2,343.32,118.07,30.86,8.55,490.1,509.9
Torbay,E06000027,130959,1.14,80.49,72.68,36.12,73.44,219.57,282.1,196.88,38.72,1950.21,21.69,20.66,3.83,3.6,417.03,344.37,163.07,58.22,17.31,481.91,518.09
Torridge,E07000046,63839,0.69,77.87,74.72,36.59,67.67,205.78,302.75,203.92,30.7,1974.37,13.44,8.49,1.6,2.1,435.27,348.41,154.18,49,13.14,488.21,511.79
Tower Hamlets,E09000030,254096,1.97,111.95,74.92,29.96,148.87,434.49,138.53,54.23,7.04,903.75,81.54,822.53,146.63,45.55,505.59,327.47,106.5,44.19,16.25,515.18,484.82
Trafford,E08000009,226578,2.08,103.28,86.4,38.63,73.04,277.98,260.57,137.81,22.28,1710.97,53.24,158.65,57.73,19.42,509.74,316.42,121.59,40.93,11.33,489.72,510.28
Tunbridge Wells,E07000116,115049,1.82,100.39,90.44,42.71,68.36,270.21,262.09,140.26,25.54,1899,32.91,50.47,11.09,6.54,514.18,336,111.15,30.86,7.81,491.04,508.96
Uttlesford,E07000077,79443,1.62,96.07,91.74,42.95,65.91,243.65,288.81,146.87,24,1932.48,24.6,28.25,10.5,4.18,525.48,333.36,108.51,26.02,6.63,493.47,506.53
Vale of White Horse,E07000180,120988,1.55,95.37,82.37,39.71,70.59,257.35,274.75,154.64,25.23,1898.11,26.02,48.96,20.33,6.58,518.55,339.84,107.97,26.14,7.5,496.4,503.6
Wakefield,E08000036,325837,2.46,93.53,78.22,38.22,83.27,264.19,273.34,148.79,20.45,1908.67,17.97,52.16,15.42,5.78,427.48,340.42,155.28,59.87,16.96,490.78,509.22
Walsall,E08000030,269323,3.27,106.84,88.5,40.2,90.39,260.96,242.99,150.07,20.04,1577.8,53.65,304.63,47.3,16.63,421.52,351.44,154.66,55.58,16.81,491.3,508.7
Waltham Forest,E09000031,258249,2.1,120.81,80.79,35.97,102.83,356.37,204.24,85.35,13.65,1043.95,106.61,421.21,346.88,81.35,471.06,356.07,120.55,38.93,13.39,499.4,500.6
Wandsworth,E09000032,306995,1.46,100.65,58.19,22.35,95.25,459.36,176.54,75.63,12.03,1428.14,99.29,217.19,213.4,41.98,573.94,299.47,88.92,28.5,9.17,484.2,515.8
Warrington,E06000007,202228,2.54,95.5,83.31,38.82,82.8,271.13,269.15,140.89,18.4,1918.55,21.2,48.57,6.86,4.82,498.12,327.47,120.88,41.86,11.67,495.97,504.03
Warwick,E07000222,137648,1.76,89.15,71.95,32.12,110.62,277.35,251.36,142.44,25.01,1783.03,40.73,144.5,14.14,17.61,506.07,339.42,114.2,31.06,9.26,498.74,501.26
Watford,E07000103,90301,2.62,111.66,81.74,36.42,85.54,338,223.15,106,17.49,1438.43,68.75,358.14,115.81,18.87,500.55,348.31,109.76,32.46,8.93,496.43,503.57
East Suffolk,E07000244,239552,2.1,83.28,78.62,37.81,68.16,214.63,282.49,200.4,34.61,1941.67,22.78,24.97,7.72,2.86,437.79,358.62,148.87,42.81,11.91,487.09,512.91
Waverley,E07000216,121572,2.47,97.79,86.48,42.89,64.13,241.12,271.63,164.11,31.84,1920.13,26.7,37.56,8.85,6.76,535.22,327.19,105.02,25.32,7.25,487.99,512.01
Wealden,E07000065,148915,2.51,83.09,82.31,38.13,63.37,208.97,294.86,195.06,34.21,1949.74,19.18,23.09,4.61,3.38,475.89,349.25,130.33,34.91,9.62,482.2,517.8
North Northamptonshire,E06000061,316851,2.1,103.29,84.34,38.82,75.83,271.83,267.31,137.94,20.63,1867.69,33.83,59.11,33.61,5.77,456.82,361.67,132.29,38.16,11.06,492.9,507.1
Welwyn Hatfield,E07000241,110535,2.23,94.7,76.22,35.97,141.92,264.23,233.71,130.41,22.83,1681.57,50.61,157.49,90.27,20.07,508.91,339.15,112.43,31.04,8.48,491.83,508.17
West Berkshire,E06000037,153822,1.45,101.27,87.24,41.59,68.75,269.9,277.66,133.52,20.07,1896.4,31.46,49.51,17.89,4.73,516.39,345,106.98,24.82,6.81,496.16,503.84
West Devon,E07000047,53553,0.56,77.42,76.84,36.19,64.18,205.07,308.95,198.33,33.03,1969.26,15.01,11.2,2.2,2.32,458.54,347.3,142.77,39.59,11.8,487.8,512.2
Dorset,E06000059,255013,1.58,74.46,76.08,39.03,64.95,197.2,291.84,216.71,39.74,1959.95,15.03,19.35,3.7,1.98,456.28,356.72,140.57,36.49,9.93,486,514
West Lancashire,E07000127,110685,2.36,86.66,81.55,37.65,97.15,227.37,281.02,167.3,21.29,1962.38,15.65,16.5,3.14,2.33,475.9,327.29,133.71,48.61,14.49,486.43,513.57
West Lindsey,E07000142,89250,1.8,79.42,80.71,40.57,69.05,218.39,303.14,184.52,24.21,1963.03,14.12,16.31,5.02,1.52,440.26,359.38,146.78,42.46,11.11,487.29,512.71
West Oxfordshire,E07000181,104779,1.71,94.4,79.08,36.46,71.45,260.09,274.69,157.68,26.15,1936.82,24.11,27.18,8.34,3.55,515.22,338.22,111.52,28.08,6.97,491,509
Somerset West and Taunton,E07000246,144862,1.47,83.63,74.89,40.07,77.23,224.05,278.61,186.38,35.16,1951.43,16.82,24.85,4.22,2.68,455.79,349.53,142.17,41.29,11.22,482.22,517.78
Westminster,E09000033,219396,1.63,85.18,56.15,22.56,102.72,417.56,204.08,97.6,14.13,1233.66,103.88,290.45,150.16,221.85,541.52,299.95,100.4,42.22,15.91,508.43,491.57
Weymouth and Portland,E07000053,65167,1.04,80.98,74.53,35.09,84.34,229.98,286.16,179.71,29.22,1948.23,20.04,19.64,9.85,2.24,422.94,367.26,150.41,45.3,14.09,497.68,502.32
Wigan,E08000010,317849,2.85,97.09,79.08,38.05,84.28,271.47,267.55,145.51,16.99,1945.53,17.34,22.14,10.56,4.42,453.94,326.99,147.23,56.98,14.86,497.08,502.92
Wiltshire,E06000054,470981,1.64,95.46,84.69,39.39,75.09,248.56,275.3,156.11,25.4,1932.01,23.64,26.23,13.71,4.4,497.51,340.49,121.49,31.79,8.72,492.07,507.93
Winchester,E07000094,116595,1.63,90.49,81.3,40.38,93.85,237.1,270.08,158.63,28.16,1913.92,27.89,45.27,7.84,5.08,531.97,327.79,105.96,26.89,7.39,485.69,514.31
Windsor and Maidenhead,E06000040,144560,2.17,101.11,84.36,39.83,67.07,282.17,258.9,142.42,24.14,1722.54,45.86,191.59,23.87,16.15,545.12,322.16,98.46,26.78,7.48,493.41,506.59
Wirral,E08000015,319783,2.8,91.64,80.96,39.17,79.45,240.57,277.56,164.59,26.06,1939.79,20.55,32,4.35,3.31,462.9,319.23,142.87,57.69,17.31,481.1,518.9
Woking,E07000217,99198,1.88,110.89,79.23,34.45,69.19,306.51,250.11,126.18,23.45,1671.93,47.08,231.09,27.88,22.02,517.75,345.68,102.66,26.23,7.67,495.41,504.59
Wokingham,E06000041,154380,1.73,102.27,87.66,39.76,69.81,270.84,275.57,135.01,19.08,1768.69,41.22,148.18,27.11,14.79,542.55,335.59,94.35,21.44,6.07,495.3,504.7
Wolverhampton,E08000031,249470,2.95,102.85,82.44,39.7,99.46,277.97,234.72,140.43,22.43,1360.34,102.49,360.44,138.77,37.96,417.94,353.42,156.72,55.3,16.62,494.81,505.19
Worcester,E07000237,98768,1.77,99.07,76.86,34.76,106.91,288.66,245.84,127.74,20.17,1868.9,28.25,88.41,9.58,4.86,474.35,349.27,127.82,38.27,10.28,491.69,508.31
Worthing,E07000229,104640,1.99,93.5,73.63,32.97,73.64,260.88,259.19,167.2,38.97,1875.69,35.09,64.45,16.61,8.16,442.2,361.02,144.13,41.62,11.03,481.5,518.5
Wychavon,E07000238,116944,2.12,80.47,77.23,36.92,66.37,227.13,297.96,184.61,29.3,1957.47,16.45,19.31,3.9,2.87,463.57,356.08,133.47,37.1,9.78,491.22,508.78
Wyre,E07000128,107749,3.16,76.1,72.37,37.62,73.29,209.61,283.91,213.91,33.19,1964.79,12.32,18.43,2.41,2.04,432.5,336.19,159.53,55.17,16.62,484.69,515.31
Wyre Forest,E07000239,97975,2.54,84.14,75.52,34.77,74.19,242.45,280.06,183.27,25.59,1944.84,20.37,28.37,4.37,2.04,436.13,351.94,151.89,46.42,13.63,492.97,507.03
York,E06000014,198051,1.7,82.93,67.22,31.4,139.48,267.49,242.76,144.2,24.52,1885.69,24.37,68.06,12.06,9.83,496.85,341.88,119.93,32.16,9.18,486.01,513.99
